{
  "Version": 3,
  "Meta": {
    "Duration": 6.433,
    "Fps": 30.0,
    "Loop": true,
    "AreBeziersRestricted": true,
    "CurveCount": 117,
    "TotalSegmentCount": 1000,
    "TotalPointCount": 1300,
    "UserDataCount": 0,
    "TotalUserDataSize": 0
  },
  "Curves": [
    {
      "Target": "Parameter",
      "Id": "PARAM_ANGLE_X",
      "Segments": [
        0,
        -4,
        0,
        0.167,
        -12,
        0,
        0.433,
        0,
        1,
        0.511,
        0,
        0.589,
        -1.885,
        0.667,
        -4,
        1,
        0.778,
        -7.021,
        0.889,
        -7.981,
        1,
        -7.981,
        0,
        1.367,
        -5,
        1,
        1.467,
        -5,
        1.567,
        -40.787,
        1.667,
        -41,
        1,
        2.056,
        -41.83,
        2.444,
        -42,
        2.833,
        -42,
        1,
        2.911,
        -42,
        2.989,
        -31.11,
        3.067,
        -8,
        1,
        3.122,
        8.507,
        3.178,
        17.46,
        3.233,
        17.46,
        0,
        3.4,
        -18.26,
        0,
        3.567,
        17.46,
        0,
        3.733,
        -18.26,
        0,
        3.9,
        17.46,
        0,
        4.067,
        -18.26,
        1,
        4.189,
        -18.26,
        4.311,
        -11.187,
        4.433,
        -5,
        1,
        4.544,
        0.625,
        4.656,
        1.494,
        4.767,
        1.494,
        0,
        6.433,
        -4
      ]
    },
    {
      "Target": "Parameter",
      "Id": "PARAM_ANGLE_Y",
      "Segments": [
        0,
        -8,
        0,
        0.167,
        -20,
        0,
        0.433,
        7,
        0,
        0.667,
        -13,
        2,
        1,
        -13,
        2,
        1.367,
        -13,
        1,
        1.467,
        -13,
        1.567,
        -18.053,
        1.667,
        -20,
        1,
        2.056,
        -27.573,
        2.444,
        -30,
        2.833,
        -30,
        0,
        4.433,
        -13,
        2,
        4.7,
        -13,
        0,
        6.433,
        -8
      ]
    },
    {
      "Target": "Parameter",
      "Id": "PARAM_ANGLE_Z",
      "Segments": [
        0,
        -8,
        0,
        0.167,
        -19,
        0,
        0.433,
        -5.96,
        1,
        0.511,
        -5.96,
        0.589,
        -6.504,
        0.667,
        -8,
        1,
        0.778,
        -10.138,
        0.889,
        -14.863,
        1,
        -14.906,
        1,
        1.122,
        -14.952,
        1.245,
        -14.935,
        1.367,
        -14.98,
        1,
        1.467,
        -15.017,
        1.567,
        -27.581,
        1.667,
        -28,
        1,
        2.056,
        -29.63,
        2.444,
        -30,
        2.833,
        -30,
        1,
        2.911,
        -30,
        2.989,
        -25.764,
        3.067,
        -14.98,
        1,
        3.122,
        -7.277,
        3.178,
        -2,
        3.233,
        -2,
        0,
        3.4,
        -14.98,
        0,
        3.567,
        -2,
        0,
        3.733,
        -14.98,
        0,
        3.9,
        -2,
        1,
        3.956,
        -2,
        4.011,
        -14.608,
        4.067,
        -14.98,
        1,
        4.178,
        -15.724,
        4.289,
        -15.759,
        4.4,
        -15.759,
        1,
        4.544,
        -15.759,
        4.689,
        -15.818,
        4.833,
        -14.98,
        1,
        4.933,
        -14.4,
        5.033,
        30,
        5.133,
        30,
        1,
        5.344,
        30,
        5.556,
        30.492,
        5.767,
        26.289,
        1,
        5.989,
        21.864,
        6.211,
        -8,
        6.433,
        -8
      ]
    },
    {
      "Target": "Parameter",
      "Id": "PARAM_EYE_L_OPEN",
      "Segments": [
        0,
        1,
        0,
        0.167,
        0,
        0,
        0.333,
        1,
        2,
        0.533,
        1,
        2,
        1,
        1,
        2,
        1.367,
        1,
        0,
        1.667,
        0.8,
        2,
        2,
        0.8,
        0,
        2.133,
        0,
        0,
        2.267,
        0.8,
        0,
        2.4,
        0,
        0,
        2.533,
        0.8,
        0,
        2.7,
        0,
        2,
        3.067,
        0,
        2,
        4.233,
        0,
        0,
        4.433,
        1,
        2,
        4.667,
        1,
        0,
        4.7,
        0.918,
        0,
        6.433,
        1
      ]
    },
    {
      "Target": "Parameter",
      "Id": "PARAM_EYE_R_OPEN",
      "Segments": [
        0,
        1,
        0,
        0.167,
        0,
        0,
        0.333,
        1,
        2,
        0.533,
        1,
        2,
        1,
        1,
        2,
        1.367,
        1,
        1,
        1.578,
        1,
        1.789,
        0.96,
        2,
        0.8,
        1,
        2.044,
        0.766,
        2.089,
        0,
        2.133,
        0,
        0,
        2.267,
        0.8,
        0,
        2.4,
        0,
        0,
        2.533,
        0.8,
        0,
        2.7,
        0,
        2,
        3.067,
        0,
        2,
        4.233,
        0,
        0,
        4.433,
        1,
        2,
        4.667,
        1,
        0,
        4.7,
        0.918,
        0,
        6.433,
        1
      ]
    },
    {
      "Target": "Parameter",
      "Id": "PARAM_EYE_BALL_X",
      "Segments": [
        0,
        0,
        0,
        1,
        0.31,
        2,
        2.833,
        0.31,
        2,
        4.7,
        0.31,
        0,
        5.033,
        -0.1,
        0,
        6.433,
        0
      ]
    },
    {
      "Target": "Parameter",
      "Id": "PARAM_EYE_BALL_Y",
      "Segments": [
        0,
        0,
        0,
        1,
        -0.08,
        2,
        2.833,
        -0.08,
        2,
        4.7,
        -0.08,
        0,
        6.433,
        0
      ]
    },
    {
      "Target": "Parameter",
      "Id": "PARAM_EYE_SPECIAL",
      "Segments": [
        0,
        0,
        2,
        1,
        0,
        2,
        2.833,
        0,
        2,
        3,
        0,
        2,
        3.067,
        0,
        2,
        3.1,
        1,
        2,
        4,
        1,
        2,
        4.167,
        1,
        2,
        4.233,
        1,
        2,
        4.267,
        1,
        2,
        4.3,
        0,
        2,
        4.367,
        0,
        2,
        4.433,
        0,
        2,
        4.7,
        0,
        2,
        6.433,
        0
      ]
    },
    {
      "Target": "Parameter",
      "Id": "PARAM_BROW_L_Y",
      "Segments": [
        0,
        0,
        0,
        0.167,
        -1,
        1,
        0.222,
        -1,
        0.278,
        -0.601,
        0.333,
        0,
        1,
        0.4,
        0.721,
        0.466,
        1,
        0.533,
        1,
        0,
        1,
        0.746,
        0,
        1.333,
        1,
        0,
        1.667,
        0,
        2,
        2,
        0,
        0,
        2.133,
        -1,
        0,
        2.3,
        0,
        0,
        2.433,
        -1,
        0,
        2.567,
        0,
        0,
        2.667,
        -1,
        0,
        3.167,
        0,
        2,
        4.233,
        0,
        0,
        4.433,
        1,
        2,
        4.667,
        1,
        1,
        4.678,
        1,
        4.689,
        0.93,
        4.7,
        0.918,
        1,
        5.278,
        0.297,
        5.855,
        0,
        6.433,
        0
      ]
    },
    {
      "Target": "Parameter",
      "Id": "PARAM_BROW_R_Y",
      "Segments": [
        0,
        0,
        0,
        0.167,
        -1,
        1,
        0.222,
        -1,
        0.278,
        -0.601,
        0.333,
        0,
        1,
        0.4,
        0.721,
        0.466,
        1,
        0.533,
        1,
        0,
        1,
        0.746,
        0,
        1.333,
        1,
        0,
        1.667,
        0,
        2,
        2,
        0,
        0,
        2.133,
        -1,
        0,
        2.3,
        0,
        0,
        2.433,
        -1,
        0,
        2.567,
        0,
        0,
        2.667,
        -1,
        0,
        3.167,
        0,
        2,
        4.233,
        0,
        0,
        4.433,
        1,
        2,
        4.667,
        1,
        1,
        4.678,
        1,
        4.689,
        0.93,
        4.7,
        0.918,
        1,
        5.278,
        0.297,
        5.855,
        0,
        6.433,
        0
      ]
    },
    {
      "Target": "Parameter",
      "Id": "PARAM_MOUTH_OPEN",
      "Segments": [
        0,
        1.5,
        0,
        0.167,
        0,
        0,
        0.533,
        2,
        2,
        1,
        2,
        2,
        1.333,
        2,
        0,
        1.667,
        0,
        2,
        2.833,
        0,
        0,
        3.167,
        2,
        2,
        4.7,
        2,
        1,
        4.867,
        2,
        5.033,
        1.497,
        5.2,
        1.476,
        1,
        5.367,
        1.455,
        5.533,
        1.46,
        5.7,
        1.46,
        0,
        6.433,
        1.5
      ]
    },
    {
      "Target": "Parameter",
      "Id": "PARAM_MOUTH_SIZE",
      "Segments": [
        0,
        -0.5,
        1,
        0.056,
        -0.5,
        0.111,
        -0.408,
        0.167,
        -0.2,
        1,
        0.289,
        0.258,
        0.411,
        0.5,
        0.533,
        0.5,
        2,
        1,
        0.5,
        2,
        1.333,
        0.5,
        0,
        1.667,
        0,
        2,
        2.833,
        0,
        0,
        3.167,
        0.179,
        2,
        4.7,
        0.179,
        0,
        4.967,
        -0.3,
        0,
        5.2,
        0.546,
        2,
        5.7,
        0.546,
        0,
        6.433,
        -0.5
      ]
    },
    {
      "Target": "Parameter",
      "Id": "PARAM_SHY",
      "Segments": [
        0,
        0,
        0,
        0.533,
        1,
        2,
        1,
        1,
        2,
        1.333,
        1,
        2,
        1.667,
        1,
        2,
        2.833,
        1,
        2,
        3.167,
        1,
        2,
        4,
        1,
        2,
        4.433,
        1,
        2,
        4.7,
        1,
        0,
        6.433,
        0
      ]
    },
    {
      "Target": "Parameter",
      "Id": "PARAM_TERE",
      "Segments": [
        0,
        0.6,
        0,
        0.533,
        1,
        2,
        1,
        1,
        2,
        1.333,
        1,
        2,
        1.667,
        1,
        2,
        2.833,
        1,
        2,
        3.167,
        1,
        2,
        4,
        1,
        2,
        4.433,
        1,
        2,
        4.7,
        1,
        0,
        6.433,
        0.6
      ]
    },
    {
      "Target": "Parameter",
      "Id": "PARAM_BODY_ANGLE_X",
      "Segments": [
        0,
        -0.047,
        0,
        0.533,
        3,
        0,
        1,
        0.516,
        0,
        1.333,
        4,
        1,
        1.444,
        4,
        1.556,
        -1.867,
        1.667,
        -3,
        1,
        1.889,
        -5.266,
        2.111,
        -5.52,
        2.333,
        -5.52,
        1,
        2.5,
        -5.52,
        2.666,
        -5.228,
        2.833,
        -3.965,
        1,
        2.889,
        -3.544,
        2.944,
        -1.841,
        3,
        0,
        1,
        3.056,
        1.841,
        3.111,
        5,
        3.167,
        5,
        0,
        3.333,
        -5,
        0,
        3.5,
        5,
        0,
        3.667,
        -5,
        0,
        3.833,
        5,
        0,
        4,
        -5,
        0,
        4.167,
        5,
        0,
        4.433,
        2,
        0,
        4.7,
        3.661,
        0,
        5.333,
        -3.851,
        0,
        5.8,
        1.279,
        0,
        6.433,
        -0.047
      ]
    },
    {
      "Target": "Parameter",
      "Id": "PARAM_BODY_ANGLE_Y",
      "Segments": [
        0,
        0,
        0,
        0.333,
        10,
        1,
        0.4,
        10,
        0.466,
        0.392,
        0.533,
        0,
        1,
        0.689,
        -0.914,
        0.844,
        -1,
        1,
        -1,
        0,
        1.333,
        5,
        1,
        1.444,
        5,
        1.556,
        0.648,
        1.667,
        0,
        1,
        1.889,
        -1.296,
        2.111,
        -1.402,
        2.333,
        -1.402,
        0,
        2.833,
        -1,
        2,
        3,
        -1,
        0,
        4.433,
        0,
        2,
        4.7,
        0,
        0,
        5.2,
        -1,
        0,
        6.433,
        0
      ]
    },
    {
      "Target": "Parameter",
      "Id": "PARAM_BODY_ANGLE_Z",
      "Segments": [
        0,
        0,
        0,
        0.533,
        4,
        0,
        0.933,
        3,
        0,
        1,
        4.3,
        1,
        1.111,
        4.3,
        1.222,
        4.347,
        1.333,
        4,
        1,
        1.444,
        3.653,
        1.556,
        0.798,
        1.667,
        0,
        1,
        1.889,
        -1.597,
        2.111,
        -2,
        2.333,
        -2,
        1,
        2.5,
        -2,
        2.666,
        -1.951,
        2.833,
        -0.92,
        1,
        2.922,
        -0.37,
        3.011,
        5,
        3.1,
        5,
        0,
        3.267,
        3.354,
        0,
        3.433,
        5,
        0,
        3.6,
        3.354,
        0,
        3.767,
        5,
        0,
        3.933,
        3.354,
        0,
        4.1,
        5,
        0,
        4.267,
        3.354,
        1,
        4.4,
        3.354,
        4.534,
        4.528,
        4.667,
        5,
        1,
        4.678,
        5.039,
        4.689,
        5.008,
        4.7,
        5.008,
        0,
        5.033,
        -0.602,
        0,
        5.767,
        0.359,
        0,
        6.433,
        0
      ]
    },
    {
      "Target": "Parameter",
      "Id": "PARAM_UPPER_BODY",
      "Segments": [
        0,
        0,
        0,
        0.533,
        1,
        0,
        0.933,
        0,
        1,
        0.955,
        0,
        0.978,
        0.322,
        1,
        0.65,
        1,
        1.111,
        2.291,
        1.222,
        3,
        1.333,
        3,
        1,
        1.444,
        3,
        1.556,
        -0.119,
        1.667,
        -1,
        1,
        1.889,
        -2.761,
        2.111,
        -3,
        2.333,
        -3,
        2,
        2.833,
        -3,
        0,
        3.1,
        1,
        0,
        3.267,
        0,
        0,
        3.433,
        1,
        0,
        3.6,
        0,
        0,
        3.767,
        1,
        0,
        3.933,
        0,
        0,
        4.1,
        1,
        0,
        4.267,
        0,
        0,
        4.667,
        1,
        2,
        4.7,
        1,
        0,
        5.2,
        -0.332,
        0,
        5.8,
        0.847,
        0,
        6.433,
        0
      ]
    },
    {
      "Target": "Parameter",
      "Id": "PARAM_LEFT_ARM",
      "Segments": [
        0,
        0.349,
        0,
        0.167,
        0.7,
        0,
        0.4,
        0.2,
        0,
        0.667,
        0.3,
        0,
        1,
        0.283,
        0,
        1.333,
        0.351,
        0,
        1.667,
        0,
        0,
        2.233,
        0.026,
        0,
        2.833,
        0,
        1,
        2.9,
        0,
        2.966,
        0.128,
        3.033,
        0.2,
        1,
        3.089,
        0.26,
        3.144,
        0.258,
        3.2,
        0.258,
        0,
        3.367,
        0.2,
        0,
        3.533,
        0.258,
        0,
        3.7,
        0.2,
        0,
        3.867,
        0.258,
        0,
        4.033,
        0.2,
        0,
        4.233,
        0.277,
        0,
        4.433,
        0.226,
        1,
        4.522,
        0.226,
        4.611,
        0.229,
        4.7,
        0.258,
        1,
        4.867,
        0.312,
        5.033,
        0.414,
        5.2,
        0.457,
        1,
        5.411,
        0.511,
        5.622,
        0.52,
        5.833,
        0.52,
        1,
        5.966,
        0.52,
        6.1,
        0.501,
        6.233,
        0.431,
        1,
        6.3,
        0.396,
        6.366,
        0.349,
        6.433,
        0.349
      ]
    },
    {
      "Target": "Parameter",
      "Id": "PARAM_ARM_L",
      "Segments": [
        0,
        -1,
        1,
        0.056,
        -1,
        0.111,
        -1.183,
        0.167,
        -0.67,
        1,
        0.334,
        0.87,
        0.5,
        3.626,
        0.667,
        3.626,
        0,
        1,
        3.574,
        0,
        1.333,
        3.778,
        0,
        1.667,
        3.256,
        2,
        2.833,
        3.256,
        1,
        2.9,
        3.256,
        2.966,
        3.311,
        3.033,
        3.4,
        1,
        3.089,
        3.474,
        3.144,
        3.502,
        3.2,
        3.502,
        0,
        3.367,
        3.4,
        0,
        3.533,
        3.502,
        0,
        3.7,
        3.4,
        0,
        3.867,
        3.502,
        0,
        4.033,
        3.4,
        0,
        4.433,
        3.502,
        2,
        4.7,
        3.502,
        1,
        4.756,
        3.502,
        4.811,
        3.757,
        4.867,
        3.979,
        1,
        4.922,
        4.201,
        4.978,
        4.442,
        5.033,
        4.492,
        1,
        5.144,
        4.591,
        5.256,
        4.602,
        5.367,
        4.602,
        1,
        5.5,
        4.602,
        5.634,
        4.636,
        5.767,
        4.518,
        1,
        5.922,
        4.381,
        6.078,
        -1,
        6.233,
        -1,
        2,
        6.433,
        -1
      ]
    },
    {
      "Target": "Parameter",
      "Id": "PARAM_TOUSHI_L",
      "Segments": [
        0,
        0,
        0,
        0.333,
        0.612,
        0,
        0.6,
        0.5,
        2,
        1,
        0.5,
        2,
        2.833,
        0.5,
        2,
        4.7,
        0.5,
        0,
        4.867,
        0,
        2,
        5.2,
        0,
        2,
        5.767,
        0,
        0,
        5.933,
        1,
        0,
        6.433,
        0
      ]
    },
    {
      "Target": "Parameter",
      "Id": "PARAM_ARM_L_02",
      "Segments": [
        0,
        0.9,
        1,
        0.111,
        0.9,
        0.222,
        0.899,
        0.333,
        0.8,
        1,
        0.4,
        0.74,
        0.466,
        0.3,
        0.533,
        0.3,
        2,
        1,
        0.3,
        0,
        1.333,
        0.5,
        1,
        1.444,
        0.5,
        1.556,
        0.179,
        1.667,
        0.168,
        1,
        2.056,
        0.131,
        2.444,
        0.124,
        2.833,
        0.124,
        0,
        3,
        0.3,
        2,
        4.7,
        0.3,
        0,
        4.867,
        0.69,
        1,
        4.911,
        0.69,
        4.956,
        0.688,
        5,
        0.629,
        1,
        5.033,
        0.585,
        5.067,
        0.346,
        5.1,
        0.318,
        1,
        5.156,
        0.271,
        5.211,
        0.269,
        5.267,
        0.269,
        0,
        5.733,
        0.321,
        0,
        5.933,
        0.147,
        0,
        6.433,
        0.9
      ]
    },
    {
      "Target": "Parameter",
      "Id": "PARAM_HAND_L",
      "Segments": [
        0,
        0,
        2,
        0.3,
        0,
        0,
        0.333,
        0.5,
        2,
        5.033,
        0.5,
        0,
        5.2,
        1,
        2,
        5.867,
        1,
        0,
        6,
        0,
        2,
        6.433,
        0
      ]
    },
    {
      "Target": "Parameter",
      "Id": "PARAM_HAND_L2",
      "Segments": [
        0,
        0,
        2,
        0.3,
        0,
        2,
        0.333,
        1,
        2,
        5.033,
        1,
        0,
        5.2,
        0,
        2,
        5.867,
        0,
        2,
        6,
        0,
        2,
        6.433,
        0
      ]
    },
    {
      "Target": "Parameter",
      "Id": "PARAM_HAND_L_02",
      "Segments": [
        0,
        0,
        0,
        0.333,
        -1,
        2,
        5.033,
        -1,
        0,
        5.2,
        1,
        2,
        5.867,
        1,
        0,
        6,
        0,
        2,
        6.433,
        0
      ]
    },
    {
      "Target": "Parameter",
      "Id": "PARAM_HAND_L_LEVEL",
      "Segments": [
        0,
        0,
        2,
        0.033,
        1,
        2,
        1,
        1,
        2,
        2.833,
        1,
        2,
        4.7,
        1,
        2,
        6.2,
        1,
        2,
        6.233,
        0,
        2,
        6.433,
        0
      ]
    },
    {
      "Target": "Parameter",
      "Id": "PARAM_RIGHT_ARM",
      "Segments": [
        0,
        0,
        1,
        0.111,
        0,
        0.222,
        0.78,
        0.333,
        0.9,
        1,
        0.444,
        1.02,
        0.556,
        1,
        0.667,
        1,
        2,
        1,
        1,
        0,
        1.333,
        0.897,
        0,
        1.667,
        1,
        0,
        2.233,
        0.956,
        0,
        2.833,
        1,
        0,
        3.033,
        0.9,
        0,
        3.2,
        1,
        0,
        3.367,
        0.9,
        0,
        3.533,
        1,
        0,
        3.7,
        0.9,
        0,
        3.867,
        1,
        0,
        4.033,
        0.9,
        0,
        4.233,
        1,
        0,
        4.433,
        0.964,
        0,
        4.7,
        1,
        0,
        5.2,
        0,
        2,
        6.433,
        0
      ]
    },
    {
      "Target": "Parameter",
      "Id": "PARAM_ARM_R",
      "Segments": [
        0,
        2,
        0,
        0.333,
        4.1,
        0,
        0.667,
        3.9,
        1,
        0.778,
        3.9,
        0.889,
        3.911,
        1,
        3.949,
        1,
        1.111,
        3.986,
        1.222,
        4.015,
        1.333,
        4.015,
        0,
        1.667,
        3.81,
        2,
        2.833,
        3.81,
        0,
        3.033,
        4.1,
        0,
        3.2,
        4.015,
        0,
        3.367,
        4.1,
        0,
        3.567,
        3.968,
        0,
        3.7,
        4.073,
        0,
        3.867,
        3.978,
        0,
        4.033,
        4.073,
        0,
        4.433,
        4.015,
        2,
        4.7,
        4.015,
        1,
        4.789,
        4.015,
        4.878,
        3.978,
        4.967,
        3.422,
        1,
        5.045,
        2.936,
        5.122,
        2.042,
        5.2,
        2.042,
        0,
        5.967,
        2.048,
        0,
        6.433,
        2
      ]
    },
    {
      "Target": "Parameter",
      "Id": "PARAM_TOUSHI_R",
      "Segments": [
        0,
        0.285,
        0,
        0.333,
        0.9,
        0,
        0.5,
        0.5,
        2,
        1,
        0.5,
        2,
        2.833,
        0.5,
        2,
        3,
        0.5,
        2,
        4.433,
        0.5,
        2,
        4.7,
        0.5,
        0,
        5.2,
        0.285,
        2,
        6.433,
        0.285
      ]
    },
    {
      "Target": "Parameter",
      "Id": "PARAM_ARM_R_02",
      "Segments": [
        0,
        -1,
        0,
        0.267,
        0.8,
        0,
        0.433,
        0,
        2,
        1,
        0,
        0,
        1.333,
        0.314,
        1,
        1.444,
        0.314,
        1.556,
        -0.215,
        1.667,
        -0.244,
        1,
        2.056,
        -0.345,
        2.444,
        -0.364,
        2.833,
        -0.364,
        0,
        3,
        0,
        2,
        4.433,
        0,
        2,
        4.7,
        0,
        1,
        4.789,
        0,
        4.878,
        -0.195,
        4.967,
        -0.433,
        1,
        5.045,
        -0.641,
        5.122,
        -0.947,
        5.2,
        -0.954,
        1,
        5.611,
        -0.99,
        6.022,
        -1,
        6.433,
        -1
      ]
    },
    {
      "Target": "Parameter",
      "Id": "PARAM_HAND_R",
      "Segments": [
        0,
        0,
        0,
        0.333,
        0.5,
        2,
        4.867,
        0.5,
        0,
        5,
        0,
        2,
        6.433,
        0
      ]
    },
    {
      "Target": "Parameter",
      "Id": "PARAM_HAND_R2",
      "Segments": [
        0,
        0,
        0,
        0.333,
        1,
        2,
        4.867,
        1,
        0,
        5,
        0,
        2,
        6.433,
        0
      ]
    },
    {
      "Target": "Parameter",
      "Id": "PARAM_HAND_R_02",
      "Segments": [
        0,
        0,
        0,
        0.333,
        -1,
        2,
        4.867,
        -1,
        0,
        5,
        0,
        2,
        6.433,
        0
      ]
    },
    {
      "Target": "Parameter",
      "Id": "PARAM_HAND_R_LEVEL",
      "Segments": [
        0,
        1,
        2,
        0.333,
        1,
        2,
        1,
        1,
        2,
        2.833,
        1,
        2,
        3,
        1,
        2,
        4.433,
        1,
        2,
        4.7,
        1,
        2,
        4.767,
        1,
        2,
        4.867,
        1,
        2,
        4.9,
        1,
        0,
        4.967,
        0.8,
        2,
        5.2,
        0.8,
        0,
        6.433,
        1
      ]
    },
    {
      "Target": "PartOpacity",
      "Id": "PARTS_01_BODY",
      "Segments": [
        0,
        1,
        2,
        6.433,
        1
      ]
    },
    {
      "Target": "PartOpacity",
      "Id": "PARTS_01_NECK",
      "Segments": [
        0,
        1,
        2,
        6.433,
        1
      ]
    },
    {
      "Target": "PartOpacity",
      "Id": "PARTS_01_HAIR_BACK_001",
      "Segments": [
        0,
        1,
        2,
        6.433,
        1
      ]
    },
    {
      "Target": "PartOpacity",
      "Id": "PARTS_01_HAIR_SIDE_001",
      "Segments": [
        0,
        1,
        2,
        6.433,
        1
      ]
    },
    {
      "Target": "PartOpacity",
      "Id": "PARTS_01_HAIR_FRONT_001",
      "Segments": [
        0,
        1,
        2,
        6.433,
        1
      ]
    },
    {
      "Target": "PartOpacity",
      "Id": "PARTS_01_EAR_001",
      "Segments": [
        0,
        1,
        2,
        6.433,
        1
      ]
    },
    {
      "Target": "PartOpacity",
      "Id": "PARTS_01_NOSE_001",
      "Segments": [
        0,
        1,
        2,
        6.433,
        1
      ]
    },
    {
      "Target": "PartOpacity",
      "Id": "PARTS_01_MOUTH_001",
      "Segments": [
        0,
        1,
        2,
        6.433,
        1
      ]
    },
    {
      "Target": "PartOpacity",
      "Id": "PARTS_01_BROW_001",
      "Segments": [
        0,
        1,
        2,
        6.433,
        1
      ]
    },
    {
      "Target": "PartOpacity",
      "Id": "PARTS_01_EYE_BALL_001",
      "Segments": [
        0,
        1,
        2,
        6.433,
        1
      ]
    },
    {
      "Target": "PartOpacity",
      "Id": "PARTS_01_EYE_001",
      "Segments": [
        0,
        1,
        2,
        6.433,
        1
      ]
    },
    {
      "Target": "PartOpacity",
      "Id": "PARTS_01_FACE_001",
      "Segments": [
        0,
        1,
        2,
        6.433,
        1
      ]
    },
    {
      "Target": "PartOpacity",
      "Id": "ROUGH",
      "Segments": [
        0,
        1,
        2,
        6.433,
        1
      ]
    },
    {
      "Target": "Model",
      "Id": "Opacity",
      "Segments": [
        0,
        1,
        0,
        6.433,
        1
      ]
    },
    {
      "Target": "Parameter",
      "Id": "PARAM_EYE_L_FORM",
      "Segments": [
        0,
        0.5,
        0,
        6.433,
        0.5
      ]
    },
    {
      "Target": "Parameter",
      "Id": "PARAM_EYE_R_FORM",
      "Segments": [
        0,
        0.5,
        0,
        6.433,
        0.5
      ]
    },
    {
      "Target": "Parameter",
      "Id": "PARAM_EYE_BALL_FORM",
      "Segments": [
        0,
        0,
        0,
        6.433,
        0
      ]
    },
    {
      "Target": "Parameter",
      "Id": "PARAM_EYE_BALL_SAD",
      "Segments": [
        0,
        0,
        0,
        6.433,
        0
      ]
    },
    {
      "Target": "Parameter",
      "Id": "PARAM_EYE_BALL_BAIYAN",
      "Segments": [
        0,
        0,
        0,
        6.433,
        0
      ]
    },
    {
      "Target": "Parameter",
      "Id": "PARAM_EYE_BALL_KIRAKIRA",
      "Segments": [
        0,
        0,
        0,
        6.433,
        0
      ]
    },
    {
      "Target": "Parameter",
      "Id": "PARAM_EYE_kira_R1",
      "Segments": [
        0,
        1,
        0,
        6.433,
        1
      ]
    },
    {
      "Target": "Parameter",
      "Id": "PARAM_EYE_kira_R2",
      "Segments": [
        0,
        0.5,
        0,
        6.433,
        0.5
      ]
    },
    {
      "Target": "Parameter",
      "Id": "PARAM_EYE_kira_L1",
      "Segments": [
        0,
        1,
        0,
        6.433,
        1
      ]
    },
    {
      "Target": "Parameter",
      "Id": "PARAM_EYE_kira_L2",
      "Segments": [
        0,
        0.5,
        0,
        6.433,
        0.5
      ]
    },
    {
      "Target": "Parameter",
      "Id": "PARAM_EYE_TI1",
      "Segments": [
        0,
        0,
        0,
        6.433,
        0
      ]
    },
    {
      "Target": "Parameter",
      "Id": "PARAM_EYE_TI2",
      "Segments": [
        0,
        0,
        0,
        6.433,
        0
      ]
    },
    {
      "Target": "Parameter",
      "Id": "PARAM_EYE_DEFROM",
      "Segments": [
        0,
        0,
        0,
        6.433,
        0
      ]
    },
    {
      "Target": "Parameter",
      "Id": "PARAM_BROW_L_X",
      "Segments": [
        0,
        0,
        0,
        6.433,
        0
      ]
    },
    {
      "Target": "Parameter",
      "Id": "PARAM_BROW_R_X",
      "Segments": [
        0,
        0,
        0,
        6.433,
        0
      ]
    },
    {
      "Target": "Parameter",
      "Id": "PARAM_BROW_L_ANGLE",
      "Segments": [
        0,
        0,
        0,
        6.433,
        0
      ]
    },
    {
      "Target": "Parameter",
      "Id": "PARAM_BROW_R_ANGLE",
      "Segments": [
        0,
        0,
        0,
        6.433,
        0
      ]
    },
    {
      "Target": "Parameter",
      "Id": "PARAM_BROW_L_FORM",
      "Segments": [
        0,
        0.5,
        0,
        6.433,
        0.5
      ]
    },
    {
      "Target": "Parameter",
      "Id": "PARAM_BROW_R_FORM",
      "Segments": [
        0,
        0.5,
        0,
        6.433,
        0.5
      ]
    },
    {
      "Target": "Parameter",
      "Id": "PARAM_MOUTH_FORM",
      "Segments": [
        0,
        -1,
        0,
        6.433,
        -1
      ]
    },
    {
      "Target": "Parameter",
      "Id": "PARAM_MOUTH_SPECIAL",
      "Segments": [
        0,
        0,
        0,
        6.433,
        0
      ]
    },
    {
      "Target": "Parameter",
      "Id": "PARAM_MOUTH_DEFORM_SPECIAL",
      "Segments": [
        0,
        0,
        0,
        6.433,
        0
      ]
    },
    {
      "Target": "Parameter",
      "Id": "PARAM_MOUTH_X",
      "Segments": [
        0,
        0,
        0,
        6.433,
        0
      ]
    },
    {
      "Target": "Parameter",
      "Id": "PARAM_MOUTH_Y",
      "Segments": [
        0,
        0,
        0,
        6.433,
        0
      ]
    },
    {
      "Target": "Parameter",
      "Id": "PARAM_TERE2",
      "Segments": [
        0,
        0,
        0,
        6.433,
        0
      ]
    },
    {
      "Target": "Parameter",
      "Id": "PARAM_WATER",
      "Segments": [
        0,
        0,
        0,
        6.433,
        0
      ]
    },
    {
      "Target": "Parameter",
      "Id": "PARAM_HAN",
      "Segments": [
        0,
        0,
        0,
        6.433,
        0
      ]
    },
    {
      "Target": "Parameter",
      "Id": "PARAM_ANGRY",
      "Segments": [
        0,
        0,
        0,
        6.433,
        0
      ]
    },
    {
      "Target": "Parameter",
      "Id": "PARAM_HEI",
      "Segments": [
        0,
        -1,
        0,
        6.433,
        -1
      ]
    },
    {
      "Target": "Parameter",
      "Id": "PARAM_LIANHEIXIAN",
      "Segments": [
        0,
        0,
        0,
        6.433,
        0
      ]
    },
    {
      "Target": "Parameter",
      "Id": "PARAM_FAT",
      "Segments": [
        0,
        0,
        0,
        6.433,
        0
      ]
    },
    {
      "Target": "Parameter",
      "Id": "PARAM_HEIXIAN",
      "Segments": [
        0,
        0,
        0,
        6.433,
        0
      ]
    },
    {
      "Target": "Parameter",
      "Id": "PARAM_YINYING",
      "Segments": [
        0,
        0,
        0,
        6.433,
        0
      ]
    },
    {
      "Target": "Parameter",
      "Id": "PARAM_TANQI",
      "Segments": [
        0,
        0,
        0,
        6.433,
        0
      ]
    },
    {
      "Target": "Parameter",
      "Id": "PARAM_ZHAMAO",
      "Segments": [
        0,
        0,
        0,
        6.433,
        0
      ]
    },
    {
      "Target": "Parameter",
      "Id": "PARAM_BREATH",
      "Segments": [
        0,
        0,
        0,
        6.433,
        0
      ]
    },
    {
      "Target": "Parameter",
      "Id": "PARAM_ERJI_X",
      "Segments": [
        0,
        0,
        0,
        6.433,
        0
      ]
    },
    {
      "Target": "Parameter",
      "Id": "PARAM_ERJI_Z",
      "Segments": [
        0,
        0,
        0,
        6.433,
        0
      ]
    },
    {
      "Target": "Parameter",
      "Id": "PARAM_ARM_L_TOUSHI2",
      "Segments": [
        0,
        0,
        0,
        6.433,
        0
      ]
    },
    {
      "Target": "Parameter",
      "Id": "PARAM_TANGDIE",
      "Segments": [
        0,
        0,
        0,
        6.433,
        0
      ]
    },
    {
      "Target": "Parameter",
      "Id": "PARAM_ARM_R_TOUSHI2",
      "Segments": [
        0,
        0,
        0,
        6.433,
        0
      ]
    },
    {
      "Target": "Parameter",
      "Id": "PARAM_YIFU",
      "Segments": [
        0,
        0,
        0,
        6.433,
        0
      ]
    },
    {
      "Target": "Parameter",
      "Id": "PARAM_CHICKEN",
      "Segments": [
        0,
        0,
        0,
        6.433,
        0
      ]
    },
    {
      "Target": "Parameter",
      "Id": "PARAM_CHICKEN_MOVE",
      "Segments": [
        0,
        0,
        0,
        6.433,
        0
      ]
    },
    {
      "Target": "Parameter",
      "Id": "PARAM_BANSHOU",
      "Segments": [
        0,
        0,
        0,
        6.433,
        0
      ]
    },
    {
      "Target": "Parameter",
      "Id": "PARAM_BANSHOU_MOVE",
      "Segments": [
        0,
        0,
        0,
        6.433,
        0
      ]
    },
    {
      "Target": "Parameter",
      "Id": "PARAM_BANSHOU_MOVE_01",
      "Segments": [
        0,
        0,
        0,
        6.433,
        0
      ]
    },
    {
      "Target": "Parameter",
      "Id": "PARAM_SHAOZI",
      "Segments": [
        0,
        0,
        0,
        6.433,
        0
      ]
    },
    {
      "Target": "Parameter",
      "Id": "PARAM_SHAOZI_MOVE",
      "Segments": [
        0,
        0,
        0,
        6.433,
        0
      ]
    },
    {
      "Target": "Parameter",
      "Id": "PARAM_SHAOZI_MOVE_01",
      "Segments": [
        0,
        0,
        0,
        6.433,
        0
      ]
    },
    {
      "Target": "Parameter",
      "Id": "PARAM_SOUP",
      "Segments": [
        0,
        0,
        0,
        6.433,
        0
      ]
    },
    {
      "Target": "Parameter",
      "Id": "PARAM_RU_X",
      "Segments": [
        0,
        0,
        0,
        6.433,
        0
      ]
    },
    {
      "Target": "Parameter",
      "Id": "PARAM_RU_Y",
      "Segments": [
        0,
        0,
        0,
        6.433,
        0
      ]
    },
    {
      "Target": "Parameter",
      "Id": "PARAM_HAIR_FRONT",
      "Segments": [
        0,
        0,
        0,
        6.433,
        0
      ]
    },
    {
      "Target": "Parameter",
      "Id": "PARAM_HAIR_FROUT_2",
      "Segments": [
        0,
        0,
        0,
        6.433,
        0
      ]
    },
    {
      "Target": "Parameter",
      "Id": "PARAM_HAIR_SIDE_R",
      "Segments": [
        0,
        0,
        0,
        6.433,
        0
      ]
    },
    {
      "Target": "Parameter",
      "Id": "PARAM_HAIR_SIDE_R2",
      "Segments": [
        0,
        0,
        0,
        6.433,
        0
      ]
    },
    {
      "Target": "Parameter",
      "Id": "PARAM_HAIR_SIDE_R3",
      "Segments": [
        0,
        0,
        0,
        6.433,
        0
      ]
    },
    {
      "Target": "Parameter",
      "Id": "PARAM_HAIR_SIDE_L",
      "Segments": [
        0,
        0,
        0,
        6.433,
        0
      ]
    },
    {
      "Target": "Parameter",
      "Id": "PARAM_HAIR_SIDE_L3",
      "Segments": [
        0,
        0,
        0,
        6.433,
        0
      ]
    },
    {
      "Target": "Parameter",
      "Id": "PARAM_SKIRT",
      "Segments": [
        0,
        0,
        0,
        6.433,
        0
      ]
    },
    {
      "Target": "Parameter",
      "Id": "PARAM_QUNZI_1",
      "Segments": [
        0,
        0,
        0,
        6.433,
        0
      ]
    },
    {
      "Target": "Parameter",
      "Id": "PARAM_QUNZI_2",
      "Segments": [
        0,
        0,
        0,
        6.433,
        0
      ]
    },
    {
      "Target": "Parameter",
      "Id": "PARAM_XIUZI_L",
      "Segments": [
        0,
        0,
        0,
        6.433,
        0
      ]
    },
    {
      "Target": "Parameter",
      "Id": "PARAM_XIUZI_R",
      "Segments": [
        0,
        0,
        0,
        6.433,
        0
      ]
    },
    {
      "Target": "Parameter",
      "Id": "PARAM_ERJIXIAN",
      "Segments": [
        0,
        0,
        0,
        6.433,
        0
      ]
    },
    {
      "Target": "Parameter",
      "Id": "PARAM_HUDIEJIE_1",
      "Segments": [
        0,
        0,
        0,
        6.433,
        0
      ]
    },
    {
      "Target": "Parameter",
      "Id": "PARAM_ZHUANGSHI1",
      "Segments": [
        0,
        0,
        0,
        6.433,
        0
      ]
    },
    {
      "Target": "Parameter",
      "Id": "PARAM_ZHUANGSHI2",
      "Segments": [
        0,
        0,
        0,
        6.433,
        0
      ]
    }
  ],
  "UserData": []
}