{
  "Version": 3,
  "Meta": {
    "PhysicsSettingCount": 8,
    "TotalInputCount": 32,
    "TotalOutputCount": 13,
    "VertexCount": 20,
    "EffectiveForces": {
      "Gravity": {
        "X": 0,
        "Y": -1
      },
      "Wind": {
        "X": 0,
        "Y": 0
      }
    },
    "PhysicsDictionary": [
      {
        "Id": "PhysicsSetting1",
        "Name": "Dummy1"
      },
      {
        "Id": "PhysicsSetting2",
        "Name": "Dummy2"
      },
      {
        "Id": "PhysicsSetting3",
        "Name": "Dummy3"
      },
      {
        "Id": "PhysicsSetting4",
        "Name": "Dummy4"
      },
      {
        "Id": "PhysicsSetting5",
        "Name": "Dummy5"
      },
      {
        "Id": "PhysicsSetting6",
        "Name": "Dummy6"
      },
      {
        "Id": "PhysicsSetting7",
        "Name": "Dummy7"
      },
      {
        "Id": "PhysicsSetting8",
        "Name": "Dummy8"
      }
    ]
  },
  "PhysicsSettings": [
    {
      "Id": "PhysicsSetting1",
      "Input": [
        {
          "Source": {
            "Target": "Parameter",
            "Id": "PARAM_BODY_ANGLE_X"
          },
          "Weight": 50,
          "Type": "X",
          "Reflect": false
        },
        {
          "Source": {
            "Target": "Parameter",
            "Id": "PARAM_BODY_ANGLE_Z"
          },
          "Weight": 50,
          "Type": "Angle",
          "Reflect": false
        },
        {
          "Source": {
            "Target": "Parameter",
            "Id": "PARAM_ANGLE_X"
          },
          "Weight": 50,
          "Type": "X",
          "Reflect": false
        },
        {
          "Source": {
            "Target": "Parameter",
            "Id": "PARAM_ANGLE_Z"
          },
          "Weight": 50,
          "Type": "Angle",
          "Reflect": false
        }
      ],
      "Output": [
        {
          "Destination": {
            "Target": "Parameter",
            "Id": "PARAM_XIUZI_L"
          },
          "VertexIndex": 1,
          "Scale": 1,
          "Weight": 100,
          "Type": "Angle",
          "Reflect": false
        }
      ],
      "Vertices": [
        {
          "Position": {
            "X": 0,
            "Y": 0
          },
          "Mobility": 1,
          "Delay": 1,
          "Acceleration": 1,
          "Radius": 0
        },
        {
          "Position": {
            "X": 0,
            "Y": 7
          },
          "Mobility": 0.9,
          "Delay": 0.6,
          "Acceleration": 1.5,
          "Radius": 7
        },
        {
          "Position": {
            "X": 0,
            "Y": 17
          },
          "Mobility": 0.95,
          "Delay": 1,
          "Acceleration": 1,
          "Radius": 10
        }
      ],
      "Normalization": {
        "Position": {
          "Minimum": -10,
          "Default": 0,
          "Maximum": 10
        },
        "Angle": {
          "Minimum": -25,
          "Default": 0,
          "Maximum": 25
        }
      }
    },
    {
      "Id": "PhysicsSetting2",
      "Input": [
        {
          "Source": {
            "Target": "Parameter",
            "Id": "PARAM_BODY_ANGLE_X"
          },
          "Weight": 50,
          "Type": "X",
          "Reflect": false
        },
        {
          "Source": {
            "Target": "Parameter",
            "Id": "PARAM_BODY_ANGLE_Z"
          },
          "Weight": 50,
          "Type": "Angle",
          "Reflect": false
        },
        {
          "Source": {
            "Target": "Parameter",
            "Id": "PARAM_ANGLE_X"
          },
          "Weight": 50,
          "Type": "X",
          "Reflect": false
        },
        {
          "Source": {
            "Target": "Parameter",
            "Id": "PARAM_ANGLE_Z"
          },
          "Weight": 50,
          "Type": "Angle",
          "Reflect": false
        }
      ],
      "Output": [
        {
          "Destination": {
            "Target": "Parameter",
            "Id": "PARAM_XIUZI_R"
          },
          "VertexIndex": 1,
          "Scale": 1,
          "Weight": 100,
          "Type": "Angle",
          "Reflect": false
        },
        {
          "Destination": {
            "Target": "Parameter",
            "Id": "PARAM_QUNZI_2"
          },
          "VertexIndex": 1,
          "Scale": 1,
          "Weight": 100,
          "Type": "Angle",
          "Reflect": false
        }
      ],
      "Vertices": [
        {
          "Position": {
            "X": 0,
            "Y": 0
          },
          "Mobility": 1,
          "Delay": 1,
          "Acceleration": 1,
          "Radius": 0
        },
        {
          "Position": {
            "X": 0,
            "Y": 8
          },
          "Mobility": 0.95,
          "Delay": 0.8,
          "Acceleration": 1.5,
          "Radius": 8
        }
      ],
      "Normalization": {
        "Position": {
          "Minimum": -17,
          "Default": 0,
          "Maximum": 17
        },
        "Angle": {
          "Minimum": -20,
          "Default": 0,
          "Maximum": 20
        }
      }
    },
    {
      "Id": "PhysicsSetting3",
      "Input": [
        {
          "Source": {
            "Target": "Parameter",
            "Id": "PARAM_BODY_ANGLE_X"
          },
          "Weight": 50,
          "Type": "X",
          "Reflect": false
        },
        {
          "Source": {
            "Target": "Parameter",
            "Id": "PARAM_BODY_ANGLE_Z"
          },
          "Weight": 50,
          "Type": "Angle",
          "Reflect": false
        },
        {
          "Source": {
            "Target": "Parameter",
            "Id": "PARAM_ANGLE_X"
          },
          "Weight": 50,
          "Type": "X",
          "Reflect": false
        },
        {
          "Source": {
            "Target": "Parameter",
            "Id": "PARAM_ANGLE_Z"
          },
          "Weight": 50,
          "Type": "Angle",
          "Reflect": false
        }
      ],
      "Output": [
        {
          "Destination": {
            "Target": "Parameter",
            "Id": "PARAM_QUNZI_1"
          },
          "VertexIndex": 1,
          "Scale": 1,
          "Weight": 100,
          "Type": "Angle",
          "Reflect": false
        }
      ],
      "Vertices": [
        {
          "Position": {
            "X": 0,
            "Y": 0
          },
          "Mobility": 1,
          "Delay": 1,
          "Acceleration": 1,
          "Radius": 0
        },
        {
          "Position": {
            "X": 0,
            "Y": 5
          },
          "Mobility": 0.95,
          "Delay": 0.9,
          "Acceleration": 1.5,
          "Radius": 5
        }
      ],
      "Normalization": {
        "Position": {
          "Minimum": -25,
          "Default": 0,
          "Maximum": 25
        },
        "Angle": {
          "Minimum": -25,
          "Default": 0,
          "Maximum": 25
        }
      }
    },
    {
      "Id": "PhysicsSetting4",
      "Input": [
        {
          "Source": {
            "Target": "Parameter",
            "Id": "PARAM_BODY_ANGLE_X"
          },
          "Weight": 50,
          "Type": "X",
          "Reflect": false
        },
        {
          "Source": {
            "Target": "Parameter",
            "Id": "PARAM_BODY_ANGLE_Z"
          },
          "Weight": 50,
          "Type": "Angle",
          "Reflect": false
        },
        {
          "Source": {
            "Target": "Parameter",
            "Id": "PARAM_ANGLE_X"
          },
          "Weight": 50,
          "Type": "X",
          "Reflect": false
        },
        {
          "Source": {
            "Target": "Parameter",
            "Id": "PARAM_ANGLE_Z"
          },
          "Weight": 50,
          "Type": "Angle",
          "Reflect": false
        }
      ],
      "Output": [
        {
          "Destination": {
            "Target": "Parameter",
            "Id": "PARAM_HAIR_SIDE_R3"
          },
          "VertexIndex": 1,
          "Scale": 1,
          "Weight": 100,
          "Type": "Angle",
          "Reflect": false
        },
        {
          "Destination": {
            "Target": "Parameter",
            "Id": "PARAM_HAIR_SIDE_L"
          },
          "VertexIndex": 1,
          "Scale": 1,
          "Weight": 100,
          "Type": "Angle",
          "Reflect": false
        }
      ],
      "Vertices": [
        {
          "Position": {
            "X": 0,
            "Y": 0
          },
          "Mobility": 1,
          "Delay": 1,
          "Acceleration": 1,
          "Radius": 0
        },
        {
          "Position": {
            "X": 0,
            "Y": 10
          },
          "Mobility": 1,
          "Delay": 0.7,
          "Acceleration": 1,
          "Radius": 10
        }
      ],
      "Normalization": {
        "Position": {
          "Minimum": -10,
          "Default": 0,
          "Maximum": 10
        },
        "Angle": {
          "Minimum": -10,
          "Default": 0,
          "Maximum": 10
        }
      }
    },
    {
      "Id": "PhysicsSetting5",
      "Input": [
        {
          "Source": {
            "Target": "Parameter",
            "Id": "PARAM_BODY_ANGLE_X"
          },
          "Weight": 20,
          "Type": "X",
          "Reflect": false
        },
        {
          "Source": {
            "Target": "Parameter",
            "Id": "PARAM_BODY_ANGLE_Z"
          },
          "Weight": 20,
          "Type": "Angle",
          "Reflect": false
        },
        {
          "Source": {
            "Target": "Parameter",
            "Id": "PARAM_ANGLE_X"
          },
          "Weight": 80,
          "Type": "X",
          "Reflect": false
        },
        {
          "Source": {
            "Target": "Parameter",
            "Id": "PARAM_ANGLE_Z"
          },
          "Weight": 80,
          "Type": "Angle",
          "Reflect": false
        }
      ],
      "Output": [
        {
          "Destination": {
            "Target": "Parameter",
            "Id": "PARAM_HAIR_FRONT"
          },
          "VertexIndex": 1,
          "Scale": 1,
          "Weight": 100,
          "Type": "Angle",
          "Reflect": false
        },
        {
          "Destination": {
            "Target": "Parameter",
            "Id": "PARAM_HAIR_FROUT_2"
          },
          "VertexIndex": 1,
          "Scale": 1,
          "Weight": 100,
          "Type": "Angle",
          "Reflect": false
        }
      ],
      "Vertices": [
        {
          "Position": {
            "X": 0,
            "Y": 0
          },
          "Mobility": 1,
          "Delay": 1,
          "Acceleration": 1,
          "Radius": 0
        },
        {
          "Position": {
            "X": 0,
            "Y": 5
          },
          "Mobility": 0.95,
          "Delay": 1,
          "Acceleration": 1,
          "Radius": 5
        },
        {
          "Position": {
            "X": 0,
            "Y": 13
          },
          "Mobility": 1,
          "Delay": 1,
          "Acceleration": 1.8,
          "Radius": 8
        }
      ],
      "Normalization": {
        "Position": {
          "Minimum": -30,
          "Default": 0,
          "Maximum": 30
        },
        "Angle": {
          "Minimum": -30,
          "Default": 0,
          "Maximum": 30
        }
      }
    },
    {
      "Id": "PhysicsSetting6",
      "Input": [
        {
          "Source": {
            "Target": "Parameter",
            "Id": "PARAM_BODY_ANGLE_X"
          },
          "Weight": 40,
          "Type": "X",
          "Reflect": false
        },
        {
          "Source": {
            "Target": "Parameter",
            "Id": "PARAM_BODY_ANGLE_Z"
          },
          "Weight": 40,
          "Type": "Angle",
          "Reflect": false
        },
        {
          "Source": {
            "Target": "Parameter",
            "Id": "PARAM_ANGLE_X"
          },
          "Weight": 60,
          "Type": "X",
          "Reflect": false
        },
        {
          "Source": {
            "Target": "Parameter",
            "Id": "PARAM_ANGLE_Z"
          },
          "Weight": 60,
          "Type": "Angle",
          "Reflect": false
        }
      ],
      "Output": [
        {
          "Destination": {
            "Target": "Parameter",
            "Id": "PARAM_HAIR_SIDE_R"
          },
          "VertexIndex": 1,
          "Scale": 1,
          "Weight": 100,
          "Type": "Angle",
          "Reflect": false
        },
        {
          "Destination": {
            "Target": "Parameter",
            "Id": "PARAM_HAIR_SIDE_R2"
          },
          "VertexIndex": 1,
          "Scale": 1,
          "Weight": 100,
          "Type": "Angle",
          "Reflect": false
        },
        {
          "Destination": {
            "Target": "Parameter",
            "Id": "PARAM_HAIR_SIDE_L3"
          },
          "VertexIndex": 1,
          "Scale": 1,
          "Weight": 100,
          "Type": "Angle",
          "Reflect": false
        }
      ],
      "Vertices": [
        {
          "Position": {
            "X": 0,
            "Y": 0
          },
          "Mobility": 1,
          "Delay": 1,
          "Acceleration": 1,
          "Radius": 0
        },
        {
          "Position": {
            "X": 0,
            "Y": 8
          },
          "Mobility": 0.95,
          "Delay": 0.9,
          "Acceleration": 1.5,
          "Radius": 8
        }
      ],
      "Normalization": {
        "Position": {
          "Minimum": -60,
          "Default": 0,
          "Maximum": 30
        },
        "Angle": {
          "Minimum": -30,
          "Default": 0,
          "Maximum": 30
        }
      }
    },
    {
      "Id": "PhysicsSetting7",
      "Input": [
        {
          "Source": {
            "Target": "Parameter",
            "Id": "PARAM_BODY_ANGLE_X"
          },
          "Weight": 50,
          "Type": "X",
          "Reflect": false
        },
        {
          "Source": {
            "Target": "Parameter",
            "Id": "PARAM_BODY_ANGLE_Z"
          },
          "Weight": 50,
          "Type": "Angle",
          "Reflect": false
        },
        {
          "Source": {
            "Target": "Parameter",
            "Id": "PARAM_ANGLE_X"
          },
          "Weight": 50,
          "Type": "X",
          "Reflect": false
        },
        {
          "Source": {
            "Target": "Parameter",
            "Id": "PARAM_ANGLE_Z"
          },
          "Weight": 50,
          "Type": "Angle",
          "Reflect": false
        }
      ],
      "Output": [
        {
          "Destination": {
            "Target": "Parameter",
            "Id": "PARAM_HUDIEJIE_1"
          },
          "VertexIndex": 1,
          "Scale": 1,
          "Weight": 100,
          "Type": "Angle",
          "Reflect": false
        }
      ],
      "Vertices": [
        {
          "Position": {
            "X": 0,
            "Y": 0
          },
          "Mobility": 1,
          "Delay": 1,
          "Acceleration": 1,
          "Radius": 0
        },
        {
          "Position": {
            "X": 0,
            "Y": 7
          },
          "Mobility": 0.9,
          "Delay": 0.6,
          "Acceleration": 1.5,
          "Radius": 7
        },
        {
          "Position": {
            "X": 0,
            "Y": 17
          },
          "Mobility": 0.95,
          "Delay": 1,
          "Acceleration": 1,
          "Radius": 10
        }
      ],
      "Normalization": {
        "Position": {
          "Minimum": -25,
          "Default": 0,
          "Maximum": 25
        },
        "Angle": {
          "Minimum": -25,
          "Default": 0,
          "Maximum": 25
        }
      }
    },
    {
      "Id": "PhysicsSetting8",
      "Input": [
        {
          "Source": {
            "Target": "Parameter",
            "Id": "PARAM_BODY_ANGLE_X"
          },
          "Weight": 50,
          "Type": "X",
          "Reflect": false
        },
        {
          "Source": {
            "Target": "Parameter",
            "Id": "PARAM_BODY_ANGLE_Z"
          },
          "Weight": 50,
          "Type": "Angle",
          "Reflect": false
        },
        {
          "Source": {
            "Target": "Parameter",
            "Id": "PARAM_ANGLE_X"
          },
          "Weight": 50,
          "Type": "X",
          "Reflect": false
        },
        {
          "Source": {
            "Target": "Parameter",
            "Id": "PARAM_ANGLE_Z"
          },
          "Weight": 50,
          "Type": "Angle",
          "Reflect": false
        }
      ],
      "Output": [
        {
          "Destination": {
            "Target": "Parameter",
            "Id": "PARAM_ERJIXIAN"
          },
          "VertexIndex": 1,
          "Scale": 1,
          "Weight": 100,
          "Type": "Angle",
          "Reflect": false
        }
      ],
      "Vertices": [
        {
          "Position": {
            "X": 0,
            "Y": 0
          },
          "Mobility": 1,
          "Delay": 1,
          "Acceleration": 1,
          "Radius": 0
        },
        {
          "Position": {
            "X": 0,
            "Y": 7
          },
          "Mobility": 0.9,
          "Delay": 0.6,
          "Acceleration": 1.5,
          "Radius": 7
        },
        {
          "Position": {
            "X": 0,
            "Y": 17
          },
          "Mobility": 0.95,
          "Delay": 1,
          "Acceleration": 1,
          "Radius": 10
        }
      ],
      "Normalization": {
        "Position": {
          "Minimum": -30,
          "Default": 0,
          "Maximum": 30
        },
        "Angle": {
          "Minimum": -25,
          "Default": 0,
          "Maximum": 25
        }
      }
    }
  ]
}