{
    "parameter": [
        {
            "ParamAngleX": "PARAM_ANGLE_X"
        },
        {
            "ParamAngleY": "PARAM_ANGLE_Y"
        },
        {
            "ParamAngleZ": "PARAM_ANGLE_Z"
        },
        {
            "ParamEyeBallX": "PARAM_EYE_BALL_X"
        },
        {
            "ParamBodyAngleX": "PARAM_BODY_ANGLE_X"
        },
        {
            "ParamEyeBallY": "PARAM_EYE_BALL_Y"
        }
    ],
    "url": [
        {
            "motions/Mgirl10_tingge.motion3.json": "motions/Mgirl10_tingge.motion3.json"
        },
        {
            "l2d01.u.moc3": "l2d01.u.moc3"
        },
        {
            "textures/texture_00.png": "textures/texture_00.png"
        }
    ],
    "center":[1,0.5],
    "model_scale":2
}